frame_idx,split,mean_psnr,min_psnr,max_psnr,std_psnr,mean_ssim,min_ssim,max_ssim,std_ssim,mean_clip_similarity,min_clip_similarity,max_clip_similarity,std_clip_similarity
0,train,33.496451474810335,30.147489629048238,36.57326913520774,2.3940550327572545,0.9446588456630707,0.9022036790847778,0.9677605032920837,0.023681913038308095,0.9796766862273216,0.9720968008041382,0.9890586137771606,0.005716006310704771
1,train,33.83864122449515,30.65446529860939,36.85548700037887,2.3853141659945676,0.9473159834742546,0.9082602858543396,0.9686868190765381,0.02211045279706237,0.9876345992088318,0.982754111289978,0.9936144948005676,0.0035004046747080858
2,train,33.41631460960979,30.52308653175504,36.10858720894302,2.389925526062164,0.9458575621247292,0.9057199954986572,0.9674472808837891,0.02194317281386716,0.9874625578522682,0.980297327041626,0.9921756982803345,0.004029800425810164
3,train,33.040343713564226,29.786922705659272,36.22498994580368,2.6771317373496957,0.9437159821391106,0.9014084935188293,0.9657330513000488,0.022950712562218988,0.9885852634906769,0.984626054763794,0.9917000532150269,0.0024458075549131375
4,train,32.77532850003179,29.690524387178186,36.20183282349872,2.6401413718711155,0.9416243731975555,0.8945619463920593,0.9633064866065979,0.023879742578704437,0.9850068390369415,0.9751428365707397,0.9913824796676636,0.0064028450049303295
5,train,33.03593621100522,30.218041505415663,36.641070975355504,2.4614866286231596,0.9445444121956825,0.9084809422492981,0.966072678565979,0.020001520588306385,0.9884936437010765,0.9815440773963928,0.9939482808113098,0.004737024281909412
6,train,32.968542810426975,30.19441060398497,35.91266783357773,2.32947591584336,0.9438871666789055,0.9002750515937805,0.962084174156189,0.021232869288357686,0.9892813488841057,0.9837024211883545,0.9925300478935242,0.002981845527096482
7,train,32.59113660398386,29.135710997323372,35.62065107767615,2.4776870804714437,0.9435960277915001,0.9047573804855347,0.9623116254806519,0.02011468982689419,0.9904611706733704,0.9872721433639526,0.9926633834838867,0.0019437717731649491
8,train,32.43509290597168,29.78053007119176,35.615442287046555,2.3595922609517466,0.9414810314774513,0.9047029614448547,0.9579329490661621,0.019030756780514923,0.9905343353748322,0.9877028465270996,0.9931874871253967,0.001657470225657073
9,val,21.853651618709147,19.638309969591504,25.01476307643037,1.6997619770721402,0.7575714737176895,0.5995599627494812,0.8374466300010681,0.07345248732865498,0.9763425439596176,0.9549312591552734,0.9857922196388245,0.010399077810024731
10,train,32.615750196252876,30.303671849255146,35.93192587283014,2.1829257862923312,0.9419047087430954,0.9035802483558655,0.9577925801277161,0.019082476295275527,0.9905435517430305,0.9877469539642334,0.9922675490379333,0.0015266150600529332
11,train,32.62801784590712,30.257487558681223,35.674777599397494,2.0949023690539263,0.9422686025500298,0.9052702784538269,0.9553883671760559,0.017465685925540084,0.9902245253324509,0.9849780797958374,0.9920461177825928,0.0023929219112554536
12,train,32.24570969455432,30.004679948322135,35.48005824496072,2.0591990408820817,0.9393530040979385,0.8992218971252441,0.9543893337249756,0.019265696231884077,0.9907191693782806,0.9858266115188599,0.9947425127029419,0.0027273651595302187
13,train,32.4372402732419,29.7856068656799,35.5746402327952,1.9720296933192027,0.9430742561817169,0.912489652633667,0.9566531181335449,0.015412952698192478,0.9906275793910027,0.9821497201919556,0.9931578636169434,0.0035308882995571766
14,train,32.31561681679774,29.69933562805806,35.70031190375498,1.9283556879910848,0.9422264918684959,0.914760947227478,0.9554411768913269,0.014215609974920903,0.9917255267500877,0.9870495796203613,0.9939269423484802,0.002296152766478158
15,train,32.55132683258607,31.013334426680753,35.540711062098254,1.6277984417388711,0.9437214806675911,0.9205486178398132,0.9567911624908447,0.013088130058580916,0.9909121468663216,0.9881337881088257,0.993078351020813,0.001675131840960687
16,train,32.21991768122301,29.450201178379423,34.97975777710086,1.7135443495692102,0.9411503970623016,0.917415976524353,0.951904296875,0.01172165513536583,0.9907920137047768,0.98720782995224,0.9928878545761108,0.0016639315262076155
17,train,32.01278351482166,29.587161884759155,35.488245392146794,1.9224397748019073,0.9426509961485863,0.923409104347229,0.9539373517036438,0.01125140376360469,0.9909909889101982,0.9882950782775879,0.9934751391410828,0.002085137783711924
18,train,31.71388950029847,29.443855740547495,35.01009176510986,1.6872462803136892,0.940002515912056,0.9189323782920837,0.9560835957527161,0.012677632793415466,0.989327572286129,0.9818911552429199,0.993781328201294,0.0038793250529788902
19,val,20.723291780157652,17.144934997216364,22.35960626388243,1.568209573246955,0.7279737964272499,0.6143412590026855,0.7981128096580505,0.05226594256752028,0.9666171222925186,0.9412674903869629,0.9855690002441406,0.013896827069248505
20,train,31.35701209733277,29.14038738155387,33.46414990975966,1.3678346329189068,0.9359674006700516,0.9176781177520752,0.9480530619621277,0.011522379408255705,0.9870693907141685,0.9724292159080505,0.9925060272216797,0.006750791532831572
21,train,32.05101300717282,30.295054900321293,33.6117861985614,1.1050988016811953,0.9424789026379585,0.9277205467224121,0.9534157514572144,0.009704548774232704,0.9896166771650314,0.9823346138000488,0.9940898418426514,0.003678838361132734
22,train,32.1342539887928,30.821246140778445,33.44768057101251,0.9638659575363324,0.9431464821100235,0.927135705947876,0.9558043479919434,0.010413004894856429,0.9901718869805336,0.9873344898223877,0.9927664995193481,0.0016949482091060707
23,train,32.30356524019778,30.146496804598662,34.51962753270112,1.544629849355243,0.9440707191824913,0.9302659034729004,0.9555248022079468,0.009104187596007847,0.9898368865251541,0.9819352626800537,0.9947357177734375,0.00407738712099933
24,train,32.16678016859291,29.936236991330173,34.35805399498931,1.2561398304209823,0.9423925653100014,0.9239028096199036,0.9573988914489746,0.011458191697023237,0.9888529926538467,0.9838019609451294,0.994164228439331,0.004111748082198971
25,train,32.30359407229623,29.276923046159332,34.934844140182285,1.5632655885070583,0.9458011835813522,0.9260030388832092,0.9631222486495972,0.011245005914386427,0.9907783269882202,0.9844839572906494,0.9946779608726501,0.0034541029946294727
26,train,31.9395691080749,29.36736775079984,33.291695611087256,1.1472491007872478,0.943654403090477,0.9253972172737122,0.9602208733558655,0.011015170050263754,0.9904474541544914,0.9828218221664429,0.9933196306228638,0.0035921382038592627
27,train,32.354257738120644,31.225317263423737,34.36198996486558,1.1751404284262292,0.9434392675757408,0.9194298386573792,0.9662209153175354,0.014502218825726339,0.9907596036791801,0.9819245934486389,0.9951789379119873,0.003953024767387604
28,train,31.70888802477943,29.601989139302567,33.823371654163886,1.2342881151355525,0.9385956525802612,0.9109470844268799,0.9573411345481873,0.01427161036112561,0.9895216599106789,0.9825938940048218,0.9933086633682251,0.003753368853664748
29,val,20.373040252644806,16.91471731993388,23.18366161283823,1.771279821193695,0.7063470706343651,0.637289822101593,0.8385549783706665,0.07351584482026607,0.9736135452985764,0.9527460336685181,0.9869437217712402,0.012659382767069021
30,train,32.168605058267545,31.077762582435582,32.98439378705521,0.7366776708238567,0.9432246461510658,0.9198225736618042,0.9620606303215027,0.013272473251489725,0.9912270605564117,0.9889926910400391,0.9939755201339722,0.001980010867675796
31,train,32.22014535914532,31.05177086349096,34.179576207687916,0.9556284002301129,0.9456730559468269,0.925981879234314,0.958482027053833,0.011754772689011327,0.9901362210512161,0.9849901795387268,0.9945400953292847,0.0027705781755887676
32,train,31.9157455824215,30.275070056907644,33.870084598847384,1.1198166879027927,0.9430290460586548,0.9189538359642029,0.952629804611206,0.012560112033547224,0.9875306859612465,0.975261390209198,0.9927307963371277,0.00548764850226505
33,train,32.28186995644997,31.08233951033792,33.79892567054139,0.9612022496479018,0.9458935335278511,0.9211597442626953,0.958102285861969,0.012968733539052424,0.9889742434024811,0.9835278987884521,0.9943016767501831,0.00355668258532965
34,train,32.45911964495171,31.159124050789167,34.15566432943333,1.0668121929771757,0.9456034824252129,0.9207831621170044,0.9598236083984375,0.013997933670908088,0.990175761282444,0.9845596551895142,0.9935124516487122,0.0026179543406532097
35,train,32.58560921806776,30.95359178316439,35.81183493918287,1.5438252921757625,0.9454783424735069,0.9197922945022583,0.9579348564147949,0.013945339534246004,0.9914786443114281,0.9888283014297485,0.9939885139465332,0.0018295299274392477
36,train,32.0480351440076,30.29559850252833,35.609571977738845,1.8000376014777792,0.9394181817770004,0.907219648361206,0.9522627592086792,0.016266818762507157,0.9910351932048798,0.9868638515472412,0.9946779012680054,0.0023111795699236643
37,train,32.672253056908495,31.13331536147488,36.758337158791015,1.9039120903124331,0.9448660090565681,0.9198513031005859,0.9569783806800842,0.014154229652131645,0.9895930141210556,0.9824914336204529,0.9945366382598877,0.0036272334992882814
38,train,32.23615308002957,29.169732642714408,36.207731194071464,2.2189714801081117,0.9427611455321312,0.9159268140792847,0.9555422067642212,0.015194249070248066,0.988554909825325,0.9758903980255127,0.9927689433097839,0.005491135931258316
39,val,20.224162920280094,15.893133156138862,24.880147351250486,2.7296852686120405,0.6988138481974602,0.5479980111122131,0.8495333194732666,0.10211148202742516,0.967539869248867,0.9287291765213013,0.9790624976158142,0.016519781623704714
40,train,31.644292350906063,30.631072995817785,34.007848578926996,1.0930609777982836,0.9425993710756302,0.915833055973053,0.9552371501922607,0.015037551974737101,0.9884935021400452,0.9782158136367798,0.994698166847229,0.004941625342740563
41,train,32.19685683239075,30.043793512916057,34.52252218152236,1.4504842306029302,0.9460262134671211,0.9242274165153503,0.9598974585533142,0.013457502221093072,0.9912169650197029,0.9864808320999146,0.9948910474777222,0.002517678024584591
42,train,32.261856787125595,28.9462294327246,35.108907430961395,2.111883871481318,0.9439877644181252,0.9212741851806641,0.9587681293487549,0.01496469961389043,0.9891243055462837,0.9818158149719238,0.9923577904701233,0.0033895650819105354
43,train,32.92422528485113,30.858567840565353,37.10528675882901,2.2049782537694202,0.9456136301159859,0.919970691204071,0.9589415192604065,0.01598796707895478,0.9896404072642326,0.9869076013565063,0.9918742775917053,0.0020168214387538026
44,train,32.358877156882556,29.9561573180506,36.37736319833108,2.4885920712521266,0.9413452446460724,0.9132751226425171,0.956716001033783,0.01794198552297139,0.9884745627641678,0.9848562479019165,0.9938395619392395,0.0030933683769781145
45,train,32.705899070266014,29.197045486041098,37.09599213169681,2.5677513502771383,0.9457866549491882,0.9178826808929443,0.9585926532745361,0.015439928226408143,0.9886433482170105,0.9831342697143555,0.9917458295822144,0.0030658101744623577
46,train,33.10771987439251,30.020779533341653,37.55624667418037,2.589751327334538,0.9474388584494591,0.9193978905677795,0.9605178833007812,0.015533440843207564,0.9894792959094048,0.9869002103805542,0.9921643733978271,0.002027715596109491
47,train,32.90907857161879,29.351904872053815,37.691582246012864,2.773964393227115,0.9467711746692657,0.9205644726753235,0.9608584642410278,0.014740733590678215,0.9886477515101433,0.982168972492218,0.9938629269599915,0.003845850810092003
48,train,32.30494977461821,29.08495840354616,37.47793225158301,2.7930100304494747,0.9421114474534988,0.9088739156723022,0.9598582983016968,0.016679526520468863,0.9806378483772278,0.94840407371521,0.9925235509872437,0.014608124763655294
49,val,20.157600591279454,14.222678692242214,24.3382463181062,3.053963133826466,0.6898905783891678,0.5357182025909424,0.8353536128997803,0.12357747988834832,0.9621995314955711,0.9400652647018433,0.9825273752212524,0.014712462270299514
50,train,32.613447752506254,29.53750931658497,36.95954118698931,2.4492597388451336,0.9449915364384651,0.9151839017868042,0.9593111276626587,0.014436660212010666,0.9856594949960709,0.9683966636657715,0.9923183917999268,0.008130322265023672
51,train,32.70783974415606,29.540162178984627,38.10221866890337,2.9437134923932766,0.9453298449516296,0.9125427007675171,0.9611135125160217,0.015429762797805611,0.9861527383327484,0.9812381863594055,0.9901334047317505,0.0028532797752515862
52,train,32.45347548980785,29.14051435635432,39.542766305275954,3.383299326346085,0.9418987333774567,0.9073319435119629,0.9610489010810852,0.017118421982554036,0.9853892624378204,0.9756289720535278,0.9908987283706665,0.0049172271528298145
53,train,32.82011223095829,29.43027505864636,38.196811139188945,2.880340685495884,0.9470722451806068,0.9158404469490051,0.9612667560577393,0.015310017496431835,0.9877093285322189,0.9819467663764954,0.9908760786056519,0.002952271761263317
54,train,33.04114503897033,29.553877021223084,38.87896045093295,2.9445808502275392,0.9475625231862068,0.9166356325149536,0.9611366987228394,0.015386924233158501,0.9878431558609009,0.9775675535202026,0.9916322231292725,0.004589347989605142
55,train,33.281713631122194,29.526704414215452,38.99667152002778,2.927180274032292,0.9495464712381363,0.9194786548614502,0.9626506567001343,0.0156680792359977,0.9889656752347946,0.9816908836364746,0.9928422570228577,0.003988087037702402
56,train,32.93250209617936,29.308326064642426,38.43325232304351,2.8991313087142405,0.9472663104534149,0.9143432378768921,0.9632118940353394,0.017383767076957435,0.9873849451541901,0.9835687279701233,0.9910459518432617,0.002685374608627098
57,train,33.393704407132695,29.281961535206786,39.0299662300762,3.2332117789875037,0.9506164416670799,0.9163278341293335,0.9670823216438293,0.018005976354231807,0.9886172339320183,0.980110228061676,0.9927588701248169,0.004097492263973981
58,train,32.83398511888336,28.817143352459706,38.65911531432539,3.1897301719334608,0.9473733380436897,0.9108904004096985,0.9668813347816467,0.019262825790217944,0.9896493703126907,0.9846685528755188,0.9912543296813965,0.002153250854361401
59,val,20.168366884765312,15.230785273878773,23.125701644288647,2.398968559721251,0.7138533368706703,0.5481199026107788,0.8439170122146606,0.1090801145364933,0.9604512378573418,0.9013082981109619,0.9857099056243896,0.026315621305637433
60,train,32.126541569641894,28.016697579505422,36.34477293575859,2.831595492803587,0.9439844563603401,0.9106889963150024,0.9647973775863647,0.020943299349743982,0.988023117184639,0.9789402484893799,0.9922977685928345,0.004205611754038042
61,train,32.78897400780917,28.867845932059453,38.179009031611564,3.2122870760261244,0.9481644108891487,0.915963351726532,0.9660133719444275,0.01867397484666142,0.9892036318778992,0.9873344898223877,0.9925928115844727,0.002010884975550669
62,train,32.68808575112968,28.903453788744162,38.09726060525818,3.0577343469422704,0.9478815123438835,0.9177042841911316,0.9640454053878784,0.018122418888570444,0.9885054901242256,0.9827941656112671,0.991654098033905,0.002735706800083999
63,train,32.82784169958945,29.297368236692733,37.4113097916472,2.9186320550156855,0.948899395763874,0.9235087037086487,0.9642422199249268,0.016348799004361064,0.9893610179424286,0.9855271577835083,0.9932398200035095,0.002756371417068344
64,train,32.170817035146506,28.46533323351614,37.23614608133024,3.252731782434747,0.9454449042677879,0.9135690331459045,0.9607120752334595,0.019134449151516665,0.9887119829654694,0.9855941534042358,0.9914603233337402,0.0024538484989152735
65,train,32.385089610036495,28.562964153951395,37.32002552951924,2.981400171765763,0.9482532814145088,0.9186427593231201,0.9628153443336487,0.017606341443029853,0.98968256264925,0.9850152730941772,0.9922489523887634,0.0024809234752481988
66,train,32.40433587050196,28.316975613537828,36.8810650287377,2.928093316376163,0.9468756914138794,0.9157676100730896,0.9613901972770691,0.018958129771895604,0.9893417358398438,0.9841707944869995,0.9922318458557129,0.002856901705328898
67,train,32.18714655479715,28.366370951452573,35.53828984826909,2.5703125782644825,0.9464363232254982,0.9159561991691589,0.9605724811553955,0.017524984297636072,0.9902643114328384,0.9871267080307007,0.993507444858551,0.0022218668337846705
68,train,31.57336998074988,27.643482251400897,36.193103669567186,3.0140259573443795,0.9412123486399651,0.9043979048728943,0.9567273855209351,0.02044140132963068,0.9895139932632446,0.9849361181259155,0.9924524426460266,0.0022592131243021974
69,val,20.30966804650747,15.663435240932913,23.32651712637993,2.5178264982274055,0.7134163156151772,0.5414364337921143,0.8402116298675537,0.10262730089344162,0.9762492924928665,0.9608797430992126,0.9838801026344299,0.007628921471754697
70,train,31.72672582871415,27.867406304549988,35.7653712181797,2.691305423613442,0.9432879015803337,0.9092886447906494,0.9586862921714783,0.01823208966188191,0.9887190759181976,0.9848533868789673,0.9924603700637817,0.0026619522762536155
71,train,32.06908659278868,28.76863244327728,36.323919439642594,2.673829693163839,0.9466742649674416,0.914877712726593,0.9642568826675415,0.016646158306097513,0.9906148910522461,0.9858608245849609,0.9928807020187378,0.002212993375429046
72,train,31.80256603475462,28.120915799711362,35.827774538992934,2.576612283508672,0.9440585076808929,0.9042389988899231,0.964803159236908,0.020978785719115742,0.9907139465212822,0.9873647689819336,0.994133710861206,0.0027252032601004397
73,train,31.89387324431887,28.42599482552584,36.434898120614506,2.6003700380037547,0.9460831359028816,0.9111385941505432,0.9663012623786926,0.018431902474470716,0.9911755695939064,0.9867255687713623,0.9938129186630249,0.002245973577814381
74,train,31.494727707405225,28.070352503297933,36.12894036119917,2.3770139289214134,0.9435339942574501,0.9033210277557373,0.9659633636474609,0.020410872800637716,0.9926009327173233,0.9906684160232544,0.9943177700042725,0.0015147215089123115
75,train,31.425766628889363,27.754661065210826,36.34106047656519,2.499327060548338,0.9433194920420647,0.8979467749595642,0.9674028754234314,0.02174078050463842,0.9912661612033844,0.9882608652114868,0.993759036064148,0.0017835073223374104
76,train,30.87477680376439,27.21988174930258,35.48328850959679,2.3661140200262816,0.9394748657941818,0.8922088742256165,0.9668262004852295,0.02332846768865516,0.9892731532454491,0.9820671081542969,0.9934602975845337,0.0037520164911932882
77,train,31.512149892075637,27.740007528305316,35.866589836883314,2.7542103020668316,0.9422533288598061,0.9009048342704773,0.966963529586792,0.020874799879336586,0.9899625331163406,0.9874012470245361,0.9931142330169678,0.002049283829311938
78,train,31.48535747291312,27.51400815139553,35.83100661826598,2.959505331433658,0.9421246945858002,0.8994021415710449,0.9665496945381165,0.022337927056831002,0.9899669960141182,0.9836819767951965,0.9930283427238464,0.0030316530531370282
79,val,21.567719305008804,19.168875914566968,23.325055573739508,1.469750929502566,0.7649191915988922,0.6406112909317017,0.8667054176330566,0.07864197124266088,0.9759910851716995,0.9674758315086365,0.9831125736236572,0.004979709629478584
80,train,31.419735622139143,27.87342792136702,35.88058815421754,2.6825123390162804,0.9410214200615883,0.9020217657089233,0.9676876664161682,0.02170181271521,0.9888464957475662,0.9761596918106079,0.9927587509155273,0.005479205507988234
81,train,31.839145432608888,28.367594411785454,36.128477247747234,2.5302154718254353,0.9461405053734779,0.9096092581748962,0.9698866605758667,0.01912410594749366,0.9895471483469009,0.9736044406890869,0.9944562315940857,0.006828828717592671
82,train,31.27183244743089,27.97089105473523,36.16662792355509,2.4022202996781603,0.9420925006270409,0.9004805684089661,0.9691638946533203,0.021587151746210058,0.9901761710643768,0.9846293926239014,0.9945477843284607,0.0035467009430333292
83,train,31.08659960622856,27.569445314585785,35.516739732245384,2.288207727660231,0.9415013194084167,0.8980554342269897,0.9654369950294495,0.02201397213796578,0.9902655333280563,0.9810270071029663,0.9938088655471802,0.004382988183393054
84,train,31.132871848810765,26.85847292677969,35.44761937849535,2.8014119934616732,0.9380552917718887,0.8862894773483276,0.9646989107131958,0.025201548449420245,0.9912203922867775,0.9879177808761597,0.9935462474822998,0.0019298866575620463
85,train,31.502882598603446,27.649584752236997,35.755096485085744,2.7722555262948902,0.940942294895649,0.896903395652771,0.9664633274078369,0.0225618472364012,0.9920813366770744,0.9901719093322754,0.9936659932136536,0.001171655476875859
86,train,31.432738645787715,27.610058642712257,35.626273667744556,2.528973540439975,0.9412513673305511,0.8977956175804138,0.9646993279457092,0.021642751624130742,0.9910988360643387,0.989293098449707,0.9921550750732422,0.0009923018393566466
87,train,31.205789231101445,27.81878524936647,35.709772631612886,2.229850615916589,0.942227728664875,0.9017373919487,0.965089738368988,0.01993997594767564,0.990429013967514,0.9877920150756836,0.9933570027351379,0.0019026830978042157
88,train,31.243378468380456,27.63882632111825,35.020155248324656,2.522446143089582,0.9389227479696274,0.8988938331604004,0.9614557027816772,0.020812774267229547,0.990490049123764,0.9865713119506836,0.9938088059425354,0.002318531835430178
89,val,20.368480431645157,17.10048890296339,23.377814613675042,1.9760127224100115,0.7263832092285156,0.5869385004043579,0.8638761639595032,0.08413787669987707,0.9778354614973068,0.9667085409164429,0.9890953302383423,0.008016605194697067
90,train,31.325182107184652,27.45852087492583,35.14971988231211,2.518823864696704,0.9403426125645638,0.8981621265411377,0.9615879058837891,0.020253690522969162,0.9916472807526588,0.9886489510536194,0.9948400259017944,0.0019122421381860025
91,train,31.248277890585406,27.664740922314394,35.40473053918972,2.6837657338572107,0.9413153529167175,0.9029333591461182,0.9636043310165405,0.019883890239542647,0.9917469397187233,0.9892846941947937,0.9936443567276001,0.0015456793321717446
92,train,30.851995746813877,27.070659537091224,35.15570511993106,2.863120114913339,0.9364843666553497,0.8929008841514587,0.9637550115585327,0.023494080759031716,0.990555077791214,0.9875466823577881,0.9938379526138306,0.002296390043448473
93,train,31.21540180406778,27.662161459319382,35.32286837889198,2.729986631338812,0.9411445781588554,0.9010671973228455,0.9648513793945312,0.02119724572668968,0.9920309484004974,0.990489661693573,0.9943013191223145,0.0013803359374166746
94,train,31.118125263617195,27.367054065300707,35.496524072103796,2.863466496040425,0.9398904293775558,0.8980275392532349,0.9648740887641907,0.022261334601544495,0.9909755811095238,0.9856884479522705,0.9938764572143555,0.003126268684241003
95,train,31.236908637165268,27.729464326558137,35.420923219318276,2.7308588458104395,0.9412458091974258,0.9037355780601501,0.965372622013092,0.02082019954116048,0.9890213310718536,0.9801451563835144,0.9943349957466125,0.005421986577913418
96,train,31.028623018848535,27.459050107951377,35.150740895764905,2.7209354776002037,0.9389532133936882,0.8987414836883545,0.9648418426513672,0.022231977220119332,0.9904982298612595,0.9799752235412598,0.9944382905960083,0.00471626424144814
97,train,30.846615690498588,27.74892333840463,35.29578794721128,2.8786581227655934,0.9405358210206032,0.9052630662918091,0.9668314456939697,0.021680797483187464,0.9906911328434944,0.9853818416595459,0.994137167930603,0.003444383404217149
98,train,30.773728521915565,27.575386866443946,35.270574809866254,2.957277735526581,0.9388458132743835,0.9027248024940491,0.9674314260482788,0.022453813640825673,0.992036946117878,0.988477349281311,0.9960463047027588,0.0026793952701109377
99,val,20.25008004244024,17.32434246494522,22.773839291148896,1.8092902337921675,0.7296027690172195,0.6050567626953125,0.854404628276825,0.08383770480568345,0.9755060821771622,0.957834780216217,0.9856352210044861,0.009561858367146986
100,train,30.38158690279885,27.42276057241998,34.77157495788484,2.7231895776186508,0.9351280853152275,0.8955570459365845,0.9650202393531799,0.024659368669790953,0.9899256601929665,0.9841526746749878,0.9936480522155762,0.0032020448386323726
101,train,30.87660451241311,28.05713756412194,35.354524439181176,2.8119841630933164,0.9401751458644867,0.9034888744354248,0.9683791995048523,0.022612556404226155,0.9895654693245888,0.9784669876098633,0.9941458106040955,0.004918073141417268
102,train,30.927258302099112,28.1470567662984,35.81308569282733,3.075010877378722,0.9408024773001671,0.9077132344245911,0.9713475704193115,0.022627549698889037,0.9900463595986366,0.9808491468429565,0.9942648410797119,0.004186393694036206
103,train,31.16890648845779,28.524431301541355,36.16093313096337,3.0067742458607283,0.9427174404263496,0.9112828373908997,0.9725968241691589,0.021899004792569805,0.9913851320743561,0.987912654876709,0.9952463507652283,0.0023066220201323167
104,train,31.17805092793366,28.235686480555472,35.971991883954956,2.8575661058958786,0.9410592019557953,0.908152163028717,0.9706363677978516,0.022249379790140262,0.9896586239337921,0.9833993911743164,0.9947657585144043,0.003745292238586343
105,train,31.524849229433055,28.476366149351495,36.452531864828515,2.935312587827579,0.9437635391950607,0.9138095378875732,0.9734665751457214,0.021139717712439783,0.9916445463895798,0.9855064153671265,0.9961718320846558,0.0032314338228488023
106,train,31.27573998132509,28.16496911984914,36.642878470111135,3.1187941625857603,0.9425645992159843,0.9085274338722229,0.9736706614494324,0.0224250400339729,0.9906950518488884,0.9852026700973511,0.9951134324073792,0.003988278661102082
107,train,31.099683888251036,28.097734654019998,36.82034592559801,3.2660796353860198,0.9412465468049049,0.9096274971961975,0.974765419960022,0.022713173355922614,0.9915648996829987,0.9878661632537842,0.9940066337585449,0.0024129805480519293
108,train,30.51809692967073,27.64364763351391,35.865352462722385,3.2139971852376235,0.9353222995996475,0.9002037644386292,0.9715967774391174,0.0260903004905436,0.9901173338294029,0.9776105880737305,0.9939643144607544,0.005299746122614348
109,val,20.078497236850417,17.695669966135455,22.245823057136207,2.0430309792603247,0.7225173190236092,0.5688437819480896,0.8488671183586121,0.10221511884067974,0.9747228473424911,0.9447263479232788,0.986263632774353,0.012777314184776987
110,train,30.690361657534904,28.01568784836792,35.6906181490545,3.067574784887068,0.939824603497982,0.9077878594398499,0.9751356840133667,0.024500481397564024,0.9904764220118523,0.9857217669487,0.9948288202285767,0.003390393093277748
111,train,31.178504548732587,28.39997225182682,37.189473315459644,3.3855367219402708,0.9420629739761353,0.9127066135406494,0.9767268896102905,0.023959978656445464,0.9907452091574669,0.9843792915344238,0.9933049082756042,0.002878370839393504
112,train,31.108138928742946,27.85493754114284,37.40369096773678,3.4543782197669133,0.9397616311907768,0.9072878956794739,0.9755542874336243,0.024868770165603866,0.9886689782142639,0.9831571578979492,0.9923131465911865,0.00301570143524696
113,train,31.16969956535262,27.98594291496466,37.361288551224014,3.3722561577009493,0.9434424713253975,0.9119580984115601,0.9777358174324036,0.02334144448972522,0.9914193451404572,0.9875366687774658,0.9949262738227844,0.002468723700921966
114,train,31.262467381178986,27.66652017387741,37.85413571439463,3.5699511717546084,0.9418719783425331,0.9069615602493286,0.9786779880523682,0.025339976314166533,0.9915692880749702,0.988406777381897,0.9945474863052368,0.0020365198696688487
115,train,31.197734336032248,27.34715462535828,37.771228790594755,3.6181779915656174,0.9411276653409004,0.9050620794296265,0.9785452485084534,0.025732870699575888,0.9899422004818916,0.9821316003799438,0.9954925775527954,0.004616087739458555
116,train,30.75269597493901,27.3269335999706,37.24737303611127,3.7168155031026178,0.9370981380343437,0.901992678642273,0.9767787456512451,0.027802724865631574,0.9904522001743317,0.9860800504684448,0.9945950508117676,0.002732025744048145
117,train,31.02711160837037,27.62196498988079,37.13590652116662,3.556042041093293,0.940396174788475,0.9040303826332092,0.9786680936813354,0.026452144231705742,0.9904783070087433,0.9791665077209473,0.9953334331512451,0.004889083133933142
118,train,30.94843024764636,27.219397349450873,36.96611089254099,3.549054939505613,0.9394465833902359,0.9046105146408081,0.9763106107711792,0.025390341703987643,0.9904297888278961,0.9870716333389282,0.9942705631256104,0.002560419034493033
119,val,20.019275080852548,16.846525054300436,23.959241721850866,2.856186396631897,0.7172976732254028,0.515764594078064,0.8530660271644592,0.13081539413976292,0.9770781174302101,0.9593021869659424,0.9892640113830566,0.009262481225664655
120,train,30.757717666775903,27.327551160746836,37.10295101383792,3.5413420481112103,0.9373968690633774,0.9009602665901184,0.9753786325454712,0.026420103815317834,0.9865903183817863,0.9734419584274292,0.9918873310089111,0.0066119349366502
121,train,31.15114913501015,27.416142739838705,38.13801840702756,3.8399787363142917,0.9421219006180763,0.9066213965415955,0.9789425730705261,0.02559641642417566,0.9895192161202431,0.9815587401390076,0.9936744570732117,0.003618954550259279
122,train,31.47403709864095,27.502586485906896,37.95498891221256,3.882243381052393,0.9411804229021072,0.9075835347175598,0.9779878854751587,0.026237975038475244,0.9898568913340569,0.9808800220489502,0.993556022644043,0.003917728714125755
123,train,31.282445440487813,26.868599678124628,37.89117843087779,3.934590061490006,0.9396719858050346,0.9036054611206055,0.9767500758171082,0.02641737760945999,0.9892473146319389,0.97966468334198,0.9934306740760803,0.0046396497429586426
124,train,30.865837105277073,26.107653554246795,37.64765450514296,4.057956036859362,0.9344499483704567,0.8908918499946594,0.9758702516555786,0.030267353083181972,0.9897909909486771,0.9847171306610107,0.993262767791748,0.003111286583870477
125,train,31.302212848495607,26.633502620932262,37.37652437080496,3.9011390744465824,0.940110832452774,0.8983601927757263,0.9784187078475952,0.027358510738078,0.98853749781847,0.9734126329421997,0.9929636716842651,0.006341275920779749
126,train,31.414283936874394,26.79293350506084,37.73443066412719,3.878813183282418,0.9407014399766922,0.8970210552215576,0.9789178371429443,0.027339117613674115,0.9891134276986122,0.9846099615097046,0.9941987991333008,0.003178325741812052
127,train,31.74743379734781,26.86360649359004,38.88659128449766,4.110526500397451,0.9424758926033974,0.8968537449836731,0.9806308150291443,0.027504714911656448,0.9855727031826973,0.9743223190307617,0.9908022880554199,0.006846862699267474
128,train,31.489009329640947,26.638794657322773,38.68053512276126,4.123735949529558,0.9389041662216187,0.890911340713501,0.9796780347824097,0.02876362870767634,0.9835939854383469,0.9694195985794067,0.9900214672088623,0.007145678584142383
129,val,19.785921628875528,15.116571221713457,23.95492659461233,3.6046021807326043,0.7145421169698238,0.4674738943576813,0.9071688652038574,0.1634571330271235,0.9616549238562584,0.9386335611343384,0.9863430261611938,0.01660712652600591
130,train,31.643256697075977,26.54483688147572,38.82081677019691,4.0844165905202106,0.9413678273558617,0.8939682245254517,0.9816868305206299,0.028030377499326707,0.9868474006652832,0.9791132211685181,0.9938744902610779,0.004244973315264111
131,train,31.762708739203266,26.54640225663166,39.46526783672592,4.279315838672569,0.941371314227581,0.8937778472900391,0.9824178218841553,0.028379725991096984,0.9873825758695602,0.9818463921546936,0.9924740791320801,0.0037219302605778224
132,train,31.465247384594093,26.487033494314364,39.136869024657734,4.3987176148046885,0.9366235584020615,0.8869702219963074,0.980495810508728,0.030527315399610358,0.987025260925293,0.979022204875946,0.9916845560073853,0.004029033443404446
133,train,31.938150407983045,26.876446201634327,38.922973882092144,4.026349185564205,0.9420680478215218,0.8943693041801453,0.9812115430831909,0.02708001117007089,0.9901995360851288,0.9877801537513733,0.993234395980835,0.002042372511382732
134,train,31.845409781790995,26.913197489229933,38.04685233092627,3.8252555612974186,0.9419423416256905,0.8975692987442017,0.9800074100494385,0.026116257852125426,0.9883655309677124,0.9813187122344971,0.9927124381065369,0.003408139136225414
135,train,31.764003252203253,26.55913234537437,37.64244165864707,3.6031928408524267,0.9427277594804764,0.895939826965332,0.9796292185783386,0.026031346626528454,0.9884535297751427,0.9807201623916626,0.9934781789779663,0.004120971019680452
136,train,31.287156847535535,26.69799532483838,36.294949173856985,2.9703359635557485,0.9406390339136124,0.8953558206558228,0.9772533178329468,0.024500783814368796,0.9855854734778404,0.9776641130447388,0.9914010763168335,0.004604455617521018
137,train,31.506360791439384,26.85047030276006,36.71458785754399,2.978219257474826,0.9450580552220345,0.8997038006782532,0.9797711968421936,0.02463043645082678,0.9885702058672905,0.9834417104721069,0.993167519569397,0.003397547296373028
138,train,31.19836800584677,26.216775059630223,36.70575941345895,3.074531280865603,0.9423282295465469,0.8966627717018127,0.978130578994751,0.02520402326482713,0.987772136926651,0.9848383069038391,0.993882954120636,0.0031904858861224457
139,val,19.084684684804174,14.000363099082932,22.532928954810217,3.2601372449089534,0.7098179012537003,0.5104149580001831,0.8847319483757019,0.159225682326415,0.9729361310601234,0.9589787125587463,0.9816623330116272,0.00873665150025293
140,train,30.485947019466476,26.721007533581425,34.99751195878686,2.4207589028501633,0.9383833333849907,0.8946484327316284,0.9749302268028259,0.025415716089497564,0.985712893307209,0.98112553358078,0.9895139932632446,0.003270113206960475
141,train,31.157912536865176,27.712289480538452,35.27237707822372,2.2567660919570525,0.9443807676434517,0.9077913165092468,0.9771698117256165,0.02171320589457202,0.9880971908569336,0.9851580262184143,0.9903824329376221,0.0019893630113971177
142,train,30.952134499864943,26.382748100639088,34.68455409362655,2.4029413381183837,0.943269670009613,0.8988776803016663,0.9761650562286377,0.02392814684048005,0.9875762015581131,0.9812078475952148,0.9926491975784302,0.003405606357753881
143,train,31.225202570358576,27.62803681238229,34.42141478032903,1.9976759474055366,0.9451475962996483,0.9063880443572998,0.9755678176879883,0.022050840195791302,0.9900210350751877,0.9847738742828369,0.9934738874435425,0.002870603966197195
144,train,31.16175247970364,27.717689115838354,34.826157707040515,2.0712290405624993,0.9425290077924728,0.9030537009239197,0.9753625392913818,0.02218471507331604,0.9877175763249397,0.9834301471710205,0.9911799430847168,0.0025966672496689483
145,train,31.19237443435965,28.07064748965388,34.80786273009839,1.9572108583096532,0.9451210424304008,0.9086218476295471,0.9767690300941467,0.02033689577705566,0.9885668307542801,0.9842932224273682,0.9922422766685486,0.003329543078758237
146,train,31.12632630188636,27.645361708108997,34.287189667095404,2.022269170014105,0.9434494972229004,0.9015003442764282,0.9755040407180786,0.022253936224333956,0.9901167005300522,0.9875133037567139,0.9928229451179504,0.0017913757564890242
147,train,30.992721847042205,27.963752470545458,33.563639497360235,1.8583182856176585,0.9426033422350883,0.9019877314567566,0.9750017523765564,0.021998059271003546,0.9887102767825127,0.9798646569252014,0.9937945604324341,0.0042902344037688955
148,train,30.256726048513652,27.527920137260985,32.97573505141284,1.6899268324794372,0.9372870698571205,0.897633969783783,0.9725641012191772,0.022308502758971047,0.9851008206605911,0.980234682559967,0.9901015758514404,0.004226573589901044
149,val,20.168055869948148,15.326627314565611,23.738606524348608,3.194320422557928,0.741978608071804,0.576688826084137,0.8777471780776978,0.1269031917894542,0.9742685481905937,0.9642302989959717,0.9834920167922974,0.007263857571376538
150,train,30.73485941115468,28.253273928101365,33.36125882849095,1.737679341204329,0.940789632499218,0.9088369607925415,0.9737585186958313,0.01908187814388867,0.9888039380311966,0.9854856729507446,0.9928797483444214,0.002841130551590922
151,train,31.00522105027794,28.813493702284152,33.91436560873054,1.6684356235340165,0.9438842982053757,0.9144320487976074,0.9750756621360779,0.018068512521015948,0.9887123107910156,0.980858564376831,0.9913187026977539,0.0037294313210579624
152,train,30.953368087957703,28.50264909542174,33.77458542972052,1.8461549279949672,0.940078392624855,0.9087855815887451,0.9740050435066223,0.01997498735116162,0.9895255044102669,0.9842023849487305,0.9927356243133545,0.002563127743107163
153,train,31.167884389087913,28.921534476841856,33.89082833093701,1.737156824722408,0.9435098618268967,0.9157972931861877,0.9754511713981628,0.018104404027729493,0.990947775542736,0.9868161678314209,0.9933302402496338,0.0022149352720238795
154,train,30.815938951874777,28.894173027247703,32.99953865054027,1.515795464072666,0.9419188126921654,0.9143165946006775,0.9733931422233582,0.018509505795179588,0.9910807088017464,0.9890339374542236,0.9937638640403748,0.0014349673331343232
155,train,30.683575689745304,28.653226448970692,32.826739371231376,1.5019042327925454,0.9407947212457657,0.9153324365615845,0.9726689457893372,0.01827259307128342,0.991683192551136,0.9909379482269287,0.9925854206085205,0.0007122302443122974
156,train,30.398749207166397,27.798080484468557,32.97190918275917,1.8786688007060588,0.938075453042984,0.9095405340194702,0.9713780879974365,0.021896152431808383,0.9895993024110794,0.9813957810401917,0.9937175512313843,0.003984314132060162
157,train,30.83137360729834,28.279013640998677,33.442586307602106,1.9489546768820933,0.9416604265570641,0.9140328168869019,0.9745752811431885,0.019987742650391983,0.9915212541818619,0.9878402948379517,0.993160605430603,0.0018129074085079578
158,train,30.556406285275408,28.12601895095586,32.963122551391024,1.7889315994130712,0.9391861110925674,0.9107985496520996,0.973187267780304,0.019715106129538258,0.9907112196087837,0.9854339957237244,0.9931269288063049,0.0025180484563239974
159,val,21.232367234836804,17.084761592525798,25.00827310231687,2.976631964781929,0.7706145942211151,0.6334216594696045,0.9129810333251953,0.10969191123563996,0.9815111607313156,0.9710859060287476,0.988656759262085,0.005932354782973836
160,train,30.64781081726335,28.132206935664353,33.08324726140538,1.6857532035789888,0.937839575111866,0.909066379070282,0.9731341600418091,0.02043582963597488,0.9888143390417099,0.9750533103942871,0.9957233667373657,0.006210477321876193
161,train,31.01016981139973,28.35704254165206,33.17319847436287,1.6693286674766248,0.942925900220871,0.9161049127578735,0.9748795628547668,0.018672248807938097,0.9910472929477692,0.9880658388137817,0.993991494178772,0.0027097418895932848
162,train,30.843603087559224,28.23907279397637,33.213070906441224,1.7503936416100971,0.9413474425673485,0.9150340557098389,0.9745371341705322,0.01909792802547473,0.991194985806942,0.9882602095603943,0.9940966963768005,0.0023376627721933834
163,train,30.82956273887567,28.169064704251994,33.394240551429405,1.856992590473308,0.9415712505578995,0.9170731902122498,0.9756759405136108,0.018999819708296985,0.9916591793298721,0.9887447357177734,0.9948179125785828,0.0019669483837437335
164,train,30.384251493576684,27.469063497895014,32.80942764012002,1.8481098375976157,0.9385217875242233,0.9058496356010437,0.9724863767623901,0.02123935007220497,0.9920923560857773,0.9887275695800781,0.9949044585227966,0.0020965784992156068
165,train,30.828860340001537,27.8341481176545,33.22509882285837,1.8773523398897558,0.9424604848027229,0.9133555293083191,0.9734299778938293,0.01927409747849049,0.9928523153066635,0.9906180500984192,0.9947953820228577,0.001488140006975038
166,train,30.88806759923924,27.817441703354852,33.380806609386944,1.910620356367516,0.9424650594592094,0.9133297801017761,0.9747242331504822,0.01907703136138204,0.9932681694626808,0.9918302297592163,0.9944285154342651,0.0009616071691027993
167,train,31.24342901982254,28.293586299558832,33.590299705110155,1.8617190363954872,0.944830559194088,0.9189748167991638,0.9758824706077576,0.018188637591326075,0.9925447478890419,0.9904401302337646,0.9945603609085083,0.0015662987416920984
168,train,30.86980736329852,27.848592450004364,33.29389760951512,1.9109640491454383,0.9403377771377563,0.9121159911155701,0.9739575982093811,0.019801268953911353,0.9918373823165894,0.987136721611023,0.9945323467254639,0.0025231696658754893
169,val,21.69594507346779,16.85023665669821,25.706519781141527,3.2324520353053607,0.7776661068201065,0.6124315857887268,0.9336619973182678,0.10765835514228157,0.9826507642865181,0.9752172827720642,0.992515504360199,0.006166716617194928
170,train,31.07120844363574,27.887376140809963,33.606607975636166,2.0482518444909035,0.9426699802279472,0.9132438898086548,0.9758493900299072,0.020085524018979832,0.9926552474498749,0.9901506304740906,0.995932936668396,0.002106559779172413
171,train,31.206072338715455,27.963142205997773,33.67069053830488,2.026843412269709,0.9433286190032959,0.9126533269882202,0.9758424758911133,0.019885176983213834,0.9931447878479958,0.9897189140319824,0.9950675964355469,0.0018357377259551597
172,train,30.649373607760353,27.23084294266544,33.077189739606,2.067175130468833,0.9395365789532661,0.9007413983345032,0.9739080667495728,0.02256315103550411,0.9929502680897713,0.9901951551437378,0.995080292224884,0.0015390491171694961
173,train,31.102106844225485,27.709144059292903,33.52291162248246,2.081847750783611,0.9431885629892349,0.908221960067749,0.9753478169441223,0.02065327284308039,0.9939681813120842,0.9920149445533752,0.9958306550979614,0.0013955748066983725
174,train,31.11436912346148,27.66248981157235,33.61054562445968,2.132502210648866,0.9430318623781204,0.9067359566688538,0.9754711985588074,0.021332732657006293,0.9931416139006615,0.9865815043449402,0.9959745407104492,0.0030119631109714164
175,train,31.181545094132396,27.971140557829024,33.47692401403508,2.0121304386216137,0.944044403731823,0.910189688205719,0.9754816889762878,0.02051131805585518,0.9939667209982872,0.9918798208236694,0.9957484006881714,0.0015244584827520666
176,train,31.161911076189853,27.731730500177093,33.441112670052036,2.066702889978461,0.9415157362818718,0.9059717655181885,0.9742836356163025,0.021416693932601077,0.991768404841423,0.9868148565292358,0.9944870471954346,0.0028350965576625048
177,train,31.285343452598667,27.987898773826995,33.37626305728313,1.9940077160355492,0.9437986388802528,0.911119818687439,0.9755138158798218,0.020416618963666838,0.9918583557009697,0.9857894778251648,0.9963988065719604,0.0034096235643746595
178,train,30.947080283694902,27.715846648862275,33.24395646316312,1.9139626971100558,0.941603921353817,0.90948486328125,0.9741707444190979,0.020498696268339976,0.992547869682312,0.9852012991905212,0.9953002333641052,0.003154055766397164
179,val,21.2573628303954,17.08871435653095,24.563813150755106,2.8216944745077583,0.7721828892827034,0.619136393070221,0.919448733329773,0.09705898672043058,0.983065091073513,0.976830244064331,0.994076132774353,0.005909407090340343
180,train,30.39850845736993,27.11320114622957,32.229430792974455,1.8861977635828022,0.9364312291145325,0.9030516743659973,0.9712299704551697,0.02040482796480505,0.9919707998633385,0.9889351725578308,0.9955641031265259,0.0022790019005415785
181,train,30.815886051638216,27.598536443746227,33.33089922086853,1.8496351029529396,0.9396565929055214,0.9073245525360107,0.9751253128051758,0.019820113376662955,0.9929314330220222,0.9910370707511902,0.9965844750404358,0.0020098388759584563
182,train,30.83078660845104,28.096620942753184,33.53160584000479,1.7389013047729844,0.9402850642800331,0.9122832417488098,0.9750059843063354,0.018283145485117756,0.991225354373455,0.9789447784423828,0.995659589767456,0.005297848975975232
183,train,30.999018842768116,28.426626541242786,33.5111496621077,1.7476759344417343,0.941127173602581,0.9145038723945618,0.974997341632843,0.018036720487708595,0.9919931963086128,0.9896221160888672,0.9939115643501282,0.0015863444915317295
184,train,30.950224234296705,27.905686533741815,33.45233625322531,1.8548788730838037,0.9399231150746346,0.9093544483184814,0.973508894443512,0.01862727999627804,0.9926846995949745,0.9903169274330139,0.9956939220428467,0.0015339711869169518
185,train,31.115792350539053,28.41376822931224,33.13692875317,1.596684314439496,0.9421131685376167,0.9145552515983582,0.9722328782081604,0.017259323757217285,0.9920871779322624,0.9883374571800232,0.9947152137756348,0.0020497882702920607
186,train,31.073402640255214,28.204638955224162,33.2788535255583,1.6743654548892948,0.9411995932459831,0.9133819341659546,0.9720876216888428,0.017564561440949842,0.9910275340080261,0.990004301071167,0.9942834377288818,0.0013912139821107001
187,train,30.9689071943735,28.14162234625161,33.01932100027266,1.6134191707384018,0.9402405545115471,0.9114470481872559,0.9705309867858887,0.017533636980646913,0.9916190207004547,0.9884843826293945,0.9938141107559204,0.001798436067103188
188,train,30.54584210260157,27.70180183971209,32.390328610881284,1.672182629483983,0.9364035055041313,0.9041546583175659,0.9683898091316223,0.019256532995884205,0.9901019483804703,0.9848366975784302,0.9928459525108337,0.0027818349967813866
189,val,20.704654046196964,17.79031952611866,23.771902850584155,2.303852486969959,0.7465644851326942,0.6144540309906006,0.8540751338005066,0.08330668212062955,0.9824969619512558,0.9715033769607544,0.9899820685386658,0.006802493678073264
190,train,30.753122049248176,28.211091416615105,33.152940854937206,1.493984941628845,0.9393539056181908,0.9126042723655701,0.9707304835319519,0.017328047699471088,0.9907779842615128,0.98533695936203,0.9947001934051514,0.003154692597845234
191,train,30.802955028005613,27.893324913261264,33.91349129210898,1.9080745898956488,0.9368023797869682,0.9094275832176208,0.9685567021369934,0.01890749340575434,0.989432729780674,0.987787663936615,0.9920010566711426,0.001507387325877408
